# Elevation along the OSM lap centreline. chainage_m = distance from the start of the OSM 'Pit Straight' way (Murray's exit side), race direction, 2D horizontal distance (lap total 6204 m in local flat projection).
# elevation_m_contour = linear interpolation between NSW Spatial Services topographic contour crossings (2 m interval; source portal.spatial.nsw.gov.au NSW_Elevation_and_Depth_Theme layer 2), +/-~3 m vs SRTM. srtm30m / copernicus90 = independent DEM checks (every 100 m only).
chainage_m,elevation_m_contour,srtm30m,copernicus90
0,702.0,699.0,701.0
25,702.0,,
50,702.0,,
75,703.2,,
100,704.7,706.0,707.0
125,705.8,,
150,706.2,,
175,706.5,,
200,706.7,707.0,709.0
225,707.0,,
250,707.3,,
275,707.5,,
300,707.8,707.0,710.0
325,708.1,,
350,708.7,,
375,709.3,,
400,709.9,711.0,717.0
425,710.1,,
450,711.1,,
475,712.2,,
500,713.6,716.0,717.0
525,714.6,,
550,715.6,,
575,716.5,,
600,717.5,719.0,719.0
625,718.6,,
650,719.9,,
675,720.0,,
700,722.6,724.0,723.0
725,723.8,,
750,725.1,,
775,726.5,,
800,727.8,725.0,727.0
825,729.7,,
850,730.9,,
875,732.4,,
900,733.8,733.0,740.0
925,735.3,,
950,736.5,,
975,737.6,,
1000,738.9,741.0,744.0
1025,740.1,,
1050,741.4,,
1075,742.7,,
1100,744.0,745.0,746.0
1125,745.9,,
1150,747.5,,
1175,749.6,,
1200,750.0,752.0,751.0
1225,750.0,,
1250,750.0,,
1275,750.0,,
1300,750.0,752.0,750.0
1325,750.0,,
1350,750.0,,
1375,750.6,,
1400,751.9,754.0,757.0
1425,753.9,,
1450,756.0,,
1475,758.2,,
1500,760.0,768.0,763.0
1525,762.4,,
1550,764.8,,
1575,767.2,,
1600,770.0,772.0,769.0
1625,772.8,,
1650,776.0,,
1675,779.0,,
1700,782.0,786.0,778.0
1725,784.7,,
1750,787.4,,
1775,790.2,,
1800,792.9,796.0,806.0
1825,795.9,,
1850,798.9,,
1875,802.0,,
1900,805.7,808.0,807.0
1925,808.9,,
1950,811.0,,
1975,813.3,,
2000,815.3,820.0,813.0
2025,818.1,,
2050,820.0,,
2075,823.4,,
2100,826.5,833.0,816.0
2125,830.0,,
2150,832.9,,
2175,836.0,,
2200,838.5,839.0,832.0
2225,840.3,,
2250,841.6,,
2275,842.9,,
2300,844.4,844.0,845.0
2325,846.3,,
2350,848.7,,
2375,850.8,,
2400,854.2,856.0,854.0
2425,857.3,,
2450,860.0,,
2475,861.1,,
2500,865.5,869.0,870.0
2525,867.3,,
2550,869.1,,
2575,870.0,,
2600,870.0,874.0,872.0
2625,870.0,,
2650,870.0,,
2675,870.0,,
2700,868.5,875.0,876.0
2725,868.0,,
2750,868.0,,
2775,868.0,,
2800,868.8,872.0,872.0
2825,869.6,,
2850,870.0,,
2875,870.0,,
2900,870.0,875.0,871.0
2925,870.7,,
2950,872.0,,
2975,872.0,,
3000,872.0,874.0,872.0
3025,872.0,,
3050,872.0,,
3075,870.0,,
3100,870.0,872.0,871.0
3125,870.0,,
3150,870.0,,
3175,870.0,,
3200,870.0,872.0,856.0
3225,870.0,,
3250,869.2,,
3275,868.1,,
3300,867.5,864.0,846.0
3325,867.0,,
3350,866.5,,
3375,866.0,,
3400,863.6,863.0,841.0
3425,860.4,,
3450,857.8,,
3475,854.3,,
3500,851.0,851.0,850.0
3525,848.1,,
3550,845.3,,
3575,842.5,,
3600,839.2,837.0,837.0
3625,834.9,,
3650,831.0,,
3675,827.7,,
3700,825.0,824.0,827.0
3725,822.4,,
3750,819.8,,
3775,817.4,,
3800,814.9,819.0,814.0
3825,812.8,,
3850,811.2,,
3875,809.7,,
3900,808.0,809.0,813.0
3925,804.6,,
3950,801.1,,
3975,797.4,,
4000,793.5,799.0,799.0
4025,790.2,,
4050,787.3,,
4075,784.5,,
4100,781.5,787.0,796.0
4125,778.8,,
4150,775.9,,
4175,773.1,,
4200,770.0,778.0,777.0
4225,767.2,,
4250,764.2,,
4275,761.6,,
4300,758.8,765.0,768.0
4325,756.2,,
4350,753.4,,
4375,750.7,,
4400,749.6,754.0,751.0
4425,746.4,,
4450,744.6,,
4475,743.1,,
4500,741.1,746.0,744.0
4525,740.0,,
4550,738.8,,
4575,737.6,,
4600,736.6,737.0,739.0
4625,736.0,,
4650,736.0,,
4675,736.0,,
4700,736.0,736.0,740.0
4725,736.1,,
4750,737.5,,
4775,738.8,,
4800,740.0,739.0,744.0
4825,740.0,,
4850,740.0,,
4875,740.0,,
4900,740.0,740.0,739.0
4925,739.4,,
4950,738.5,,
4975,737.5,,
5000,736.2,737.0,733.0
5025,734.8,,
5050,733.5,,
5075,732.1,,
5100,730.6,732.0,727.0
5125,730.0,,
5150,727.8,,
5175,726.2,,
5200,724.8,727.0,725.0
5225,722.5,,
5250,721.9,,
5275,721.4,,
5300,720.9,720.0,721.0
5325,720.3,,
5350,719.3,,
5375,717.8,,
5400,716.5,717.0,716.0
5425,715.5,,
5450,714.6,,
5475,710.0,,
5500,710.0,717.0,718.0
5525,710.0,,
5550,712.6,,
5575,714.5,,
5600,715.6,712.0,717.0
5625,716.5,,
5650,717.4,,
5675,718.0,,
5700,718.0,718.0,716.0
5725,717.4,,
5750,716.8,,
5775,716.1,,
5800,715.6,718.0,713.0
5825,715.0,,
5850,714.5,,
5875,714.0,,
5900,713.0,712.0,709.0
5925,712.1,,
5950,710.7,,
5975,709.5,,
6000,707.5,709.0,705.0
6025,706.1,,
6050,704.7,,
6075,703.6,,
6100,702.6,702.0,701.0
6125,701.6,,
6150,700.6,,
6175,700.0,,
6200,700.0,698.0,701.0
